{
	"credit": "Made with Blockbench",
	"ambientocclusion": false,
	"texture_size": [64, 64],
	"textures": {
		"particle": "block/oak_planks"
	},
	"elements": [
		{
			"from": [0, 0, 0],
			"to": [3, 3, 3],
			"faces": {
				"north": {"uv": [12.5, 5.25, 13.25, 6], "texture": "#bed", "cullface": "west"},
				"east": {"uv": [14.75, 5.25, 15.5, 6], "texture": "#bed", "cullface": "west"},
				"south": {"uv": [14, 5.25, 14.75, 6], "texture": "#bed", "cullface": "west"},
				"west": {"uv": [13.25, 5.25, 14, 6], "texture": "#bed", "cullface": "west"},
				"down": {"uv": [14, 4.5, 14.75, 5.25], "texture": "#bed", "cullface": "west"}
			}
		},
		{
			"from": [13, 0, 0],
			"to": [16, 3, 3],
			"rotation": {"angle": 0, "axis": "y", "origin": [21, 8, 8]},
			"faces": {
				"north": {"uv": [13.25, 3.75, 14, 4.5], "texture": "#bed", "cullface": "east"},
				"east": {"uv": [12.5, 3.75, 13.25, 4.5], "texture": "#bed", "cullface": "east"},
				"south": {"uv": [14.75, 3.75, 15.5, 4.5], "texture": "#bed", "cullface": "east"},
				"west": {"uv": [14, 3.75, 14.75, 4.5], "texture": "#bed", "cullface": "east"},
				"down": {"uv": [14, 3, 14.75, 3.75], "texture": "#bed", "cullface": "east"}
			}
		},
		{
			"from": [0, 3, 0],
			"to": [16, 9, 16],
			"rotation": {"angle": 0, "axis": "y", "origin": [8, 11, 8]},
			"faces": {
				"north": {"uv": [5.5, 5.5, 9.5, 7], "rotation": 180, "texture": "#bed", "cullface": "north"},
				"east": {"uv": [0, 7, 1.5, 11], "rotation": 270, "texture": "#bed", "cullface": "east"},
				"west": {"uv": [5.5, 7, 7, 11], "rotation": 90, "texture": "#bed", "cullface": "west"},
				"up": {"uv": [1.5, 7, 5.5, 11], "rotation": 180, "texture": "#bed"},
				"down": {"uv": [7, 7, 11, 11], "texture": "#bed"}
			}
		}
	]
}