{
	"credit": "made by Motschen",
	"texture_size": [64, 64],
	"textures": {
		"0": "entity/bed/lime",
		"particle": "block/oak_planks"
	},
	"elements": [
		{
			"from": [0, 0, 13],
			"to": [3, 3, 16],
			"rotation": {"angle": 0, "axis": "y", "origin": [8, 8, 21]},
			"faces": {
				"north": {"uv": [12.5, 5.25, 13.25, 6], "texture": "#0"},
				"east": {"uv": [14.75, 5.25, 15.5, 6], "texture": "#0"},
				"south": {"uv": [14, 5.25, 14.75, 6], "texture": "#0"},
				"west": {"uv": [13.25, 5.25, 14, 6], "texture": "#0"},
				"down": {"uv": [14, 4.5, 14.75, 5.25], "texture": "#0"}
			}
		},
		{
			"from": [13, 0, 13],
			"to": [16, 3, 16],
			"rotation": {"angle": 0, "axis": "y", "origin": [21, 8, 21]},
			"faces": {
				"north": {"uv": [12.5, 2.25, 13.25, 3], "texture": "#0"},
				"east": {"uv": [14.75, 2.25, 15.5, 3], "texture": "#0"},
				"south": {"uv": [14, 2.25, 14.75, 3], "texture": "#0"},
				"west": {"uv": [13.25, 2.25, 14, 3], "texture": "#0"},
				"down": {"uv": [14, 1.5, 14.75, 2.25], "texture": "#0"}
			}
		},
		{
			"from": [0, 3, 0],
			"to": [16, 9, 16],
			"rotation": {"angle": 0, "axis": "y", "origin": [8, 11, 8]},
			"faces": {
				"east": {"uv": [0, 1.5, 1.5, 5.5], "rotation": 270, "texture": "#0"},
				"south": {"uv": [1.5, 0, 5.5, 1.5], "rotation": 180, "texture": "#0"},
				"west": {"uv": [5.5, 1.5, 7, 5.5], "rotation": 90, "texture": "#0"},
				"up": {"uv": [1.5, 1.5, 5.5, 5.5], "rotation": 180, "texture": "#0"},
				"down": {"uv": [7, 7, 11, 11], "texture": "#0"}
			}
		},
		{
			"from": [0, 9, 8],
			"to": [16, 10, 16],
			"rotation": {"angle": 0, "axis": "y", "origin": [8, 17, 16]},
			"faces": {
				"north": {"uv": [1.5, 3.25, 5.5, 3.5], "texture": "#0"},
				"east": {"uv": [1.5, 1.5, 1.75, 3.5], "rotation": 270, "texture": "#0"},
				"south": {"uv": [1.5, 1.5, 5.5, 1.75], "texture": "#0"},
				"west": {"uv": [5.25, 1.5, 5.5, 3.5], "rotation": 90, "texture": "#0"},
				"up": {"uv": [1.5, 1.5, 5.5, 3.5], "rotation": 180, "texture": "#0"},
				"down": {"uv": [0, 0, 4, 2], "texture": "#0"}
			}
		},
		{
			"from": [1, 10, 9],
			"to": [15, 11, 15],
			"rotation": {"angle": 0, "axis": "y", "origin": [8, 18, 16]},
			"faces": {
				"north": {"uv": [1.75, 3.25, 5.25, 3.5], "texture": "#0"},
				"east": {"uv": [1.75, 1.75, 2, 3.25], "rotation": 90, "texture": "#0"},
				"south": {"uv": [1.75, 0.5, 5.25, 0.75], "texture": "#0"},
				"west": {"uv": [5, 1.75, 5.25, 3.25], "rotation": 90, "texture": "#0"},
				"up": {"uv": [1.75, 1.75, 5.25, 3.25], "texture": "#0"},
				"down": {"uv": [0, 0, 3.5, 1.5], "texture": "#0"}
			}
		}
	]
}
